[
    {
        "model": "auth.permission",
        "pk": 1,
        "fields": {
            "name": "Can add log entry",
            "content_type": 1,
            "codename": "add_logentry"
        }
    },
    {
        "model": "auth.permission",
        "pk": 2,
        "fields": {
            "name": "Can change log entry",
            "content_type": 1,
            "codename": "change_logentry"
        }
    },
    {
        "model": "auth.permission",
        "pk": 3,
        "fields": {
            "name": "Can delete log entry",
            "content_type": 1,
            "codename": "delete_logentry"
        }
    },
    {
        "model": "auth.permission",
        "pk": 4,
        "fields": {
            "name": "Can view log entry",
            "content_type": 1,
            "codename": "view_logentry"
        }
    },
    {
        "model": "auth.permission",
        "pk": 5,
        "fields": {
            "name": "Can add permission",
            "content_type": 2,
            "codename": "add_permission"
        }
    },
    {
        "model": "auth.permission",
        "pk": 6,
        "fields": {
            "name": "Can change permission",
            "content_type": 2,
            "codename": "change_permission"
        }
    },
    {
        "model": "auth.permission",
        "pk": 7,
        "fields": {
            "name": "Can delete permission",
            "content_type": 2,
            "codename": "delete_permission"
        }
    },
    {
        "model": "auth.permission",
        "pk": 8,
        "fields": {
            "name": "Can view permission",
            "content_type": 2,
            "codename": "view_permission"
        }
    },
    {
        "model": "auth.permission",
        "pk": 9,
        "fields": {
            "name": "Can add group",
            "content_type": 3,
            "codename": "add_group"
        }
    },
    {
        "model": "auth.permission",
        "pk": 10,
        "fields": {
            "name": "Can change group",
            "content_type": 3,
            "codename": "change_group"
        }
    },
    {
        "model": "auth.permission",
        "pk": 11,
        "fields": {
            "name": "Can delete group",
            "content_type": 3,
            "codename": "delete_group"
        }
    },
    {
        "model": "auth.permission",
        "pk": 12,
        "fields": {
            "name": "Can view group",
            "content_type": 3,
            "codename": "view_group"
        }
    },
    {
        "model": "auth.permission",
        "pk": 13,
        "fields": {
            "name": "Can add user",
            "content_type": 4,
            "codename": "add_user"
        }
    },
    {
        "model": "auth.permission",
        "pk": 14,
        "fields": {
            "name": "Can change user",
            "content_type": 4,
            "codename": "change_user"
        }
    },
    {
        "model": "auth.permission",
        "pk": 15,
        "fields": {
            "name": "Can delete user",
            "content_type": 4,
            "codename": "delete_user"
        }
    },
    {
        "model": "auth.permission",
        "pk": 16,
        "fields": {
            "name": "Can view user",
            "content_type": 4,
            "codename": "view_user"
        }
    },
    {
        "model": "auth.permission",
        "pk": 17,
        "fields": {
            "name": "Can add content type",
            "content_type": 5,
            "codename": "add_contenttype"
        }
    },
    {
        "model": "auth.permission",
        "pk": 18,
        "fields": {
            "name": "Can change content type",
            "content_type": 5,
            "codename": "change_contenttype"
        }
    },
    {
        "model": "auth.permission",
        "pk": 19,
        "fields": {
            "name": "Can delete content type",
            "content_type": 5,
            "codename": "delete_contenttype"
        }
    },
    {
        "model": "auth.permission",
        "pk": 20,
        "fields": {
            "name": "Can view content type",
            "content_type": 5,
            "codename": "view_contenttype"
        }
    },
    {
        "model": "auth.permission",
        "pk": 21,
        "fields": {
            "name": "Can add session",
            "content_type": 6,
            "codename": "add_session"
        }
    },
    {
        "model": "auth.permission",
        "pk": 22,
        "fields": {
            "name": "Can change session",
            "content_type": 6,
            "codename": "change_session"
        }
    },
    {
        "model": "auth.permission",
        "pk": 23,
        "fields": {
            "name": "Can delete session",
            "content_type": 6,
            "codename": "delete_session"
        }
    },
    {
        "model": "auth.permission",
        "pk": 24,
        "fields": {
            "name": "Can view session",
            "content_type": 6,
            "codename": "view_session"
        }
    },
    {
        "model": "auth.permission",
        "pk": 25,
        "fields": {
            "name": "Can add category",
            "content_type": 7,
            "codename": "add_category"
        }
    },
    {
        "model": "auth.permission",
        "pk": 26,
        "fields": {
            "name": "Can change category",
            "content_type": 7,
            "codename": "change_category"
        }
    },
    {
        "model": "auth.permission",
        "pk": 27,
        "fields": {
            "name": "Can delete category",
            "content_type": 7,
            "codename": "delete_category"
        }
    },
    {
        "model": "auth.permission",
        "pk": 28,
        "fields": {
            "name": "Can view category",
            "content_type": 7,
            "codename": "view_category"
        }
    },
    {
        "model": "auth.permission",
        "pk": 29,
        "fields": {
            "name": "Can add channel",
            "content_type": 8,
            "codename": "add_channel"
        }
    },
    {
        "model": "auth.permission",
        "pk": 30,
        "fields": {
            "name": "Can change channel",
            "content_type": 8,
            "codename": "change_channel"
        }
    },
    {
        "model": "auth.permission",
        "pk": 31,
        "fields": {
            "name": "Can delete channel",
            "content_type": 8,
            "codename": "delete_channel"
        }
    },
    {
        "model": "auth.permission",
        "pk": 32,
        "fields": {
            "name": "Can view channel",
            "content_type": 8,
            "codename": "view_channel"
        }
    },
    {
        "model": "auth.permission",
        "pk": 33,
        "fields": {
            "name": "Can add district",
            "content_type": 9,
            "codename": "add_district"
        }
    },
    {
        "model": "auth.permission",
        "pk": 34,
        "fields": {
            "name": "Can change district",
            "content_type": 9,
            "codename": "change_district"
        }
    },
    {
        "model": "auth.permission",
        "pk": 35,
        "fields": {
            "name": "Can delete district",
            "content_type": 9,
            "codename": "delete_district"
        }
    },
    {
        "model": "auth.permission",
        "pk": 36,
        "fields": {
            "name": "Can view district",
            "content_type": 9,
            "codename": "view_district"
        }
    },
    {
        "model": "auth.permission",
        "pk": 37,
        "fields": {
            "name": "Can add ward",
            "content_type": 10,
            "codename": "add_ward"
        }
    },
    {
        "model": "auth.permission",
        "pk": 38,
        "fields": {
            "name": "Can change ward",
            "content_type": 10,
            "codename": "change_ward"
        }
    },
    {
        "model": "auth.permission",
        "pk": 39,
        "fields": {
            "name": "Can delete ward",
            "content_type": 10,
            "codename": "delete_ward"
        }
    },
    {
        "model": "auth.permission",
        "pk": 40,
        "fields": {
            "name": "Can view ward",
            "content_type": 10,
            "codename": "view_ward"
        }
    },
    {
        "model": "auth.permission",
        "pk": 41,
        "fields": {
            "name": "Can add polling station",
            "content_type": 11,
            "codename": "add_pollingstation"
        }
    },
    {
        "model": "auth.permission",
        "pk": 42,
        "fields": {
            "name": "Can change polling station",
            "content_type": 11,
            "codename": "change_pollingstation"
        }
    },
    {
        "model": "auth.permission",
        "pk": 43,
        "fields": {
            "name": "Can delete polling station",
            "content_type": 11,
            "codename": "delete_pollingstation"
        }
    },
    {
        "model": "auth.permission",
        "pk": 44,
        "fields": {
            "name": "Can view polling station",
            "content_type": 11,
            "codename": "view_pollingstation"
        }
    },
    {
        "model": "auth.permission",
        "pk": 45,
        "fields": {
            "name": "Can add police station",
            "content_type": 12,
            "codename": "add_policestation"
        }
    },
    {
        "model": "auth.permission",
        "pk": 46,
        "fields": {
            "name": "Can change police station",
            "content_type": 12,
            "codename": "change_policestation"
        }
    },
    {
        "model": "auth.permission",
        "pk": 47,
        "fields": {
            "name": "Can delete police station",
            "content_type": 12,
            "codename": "delete_policestation"
        }
    },
    {
        "model": "auth.permission",
        "pk": 48,
        "fields": {
            "name": "Can view police station",
            "content_type": 12,
            "codename": "view_policestation"
        }
    },
    {
        "model": "auth.permission",
        "pk": 49,
        "fields": {
            "name": "Can add ds division",
            "content_type": 13,
            "codename": "add_dsdivision"
        }
    },
    {
        "model": "auth.permission",
        "pk": 50,
        "fields": {
            "name": "Can change ds division",
            "content_type": 13,
            "codename": "change_dsdivision"
        }
    },
    {
        "model": "auth.permission",
        "pk": 51,
        "fields": {
            "name": "Can delete ds division",
            "content_type": 13,
            "codename": "delete_dsdivision"
        }
    },
    {
        "model": "auth.permission",
        "pk": 52,
        "fields": {
            "name": "Can view ds division",
            "content_type": 13,
            "codename": "view_dsdivision"
        }
    },
    {
        "model": "auth.permission",
        "pk": 53,
        "fields": {
            "name": "Can add gn division",
            "content_type": 14,
            "codename": "add_gndivision"
        }
    },
    {
        "model": "auth.permission",
        "pk": 54,
        "fields": {
            "name": "Can change gn division",
            "content_type": 14,
            "codename": "change_gndivision"
        }
    },
    {
        "model": "auth.permission",
        "pk": 55,
        "fields": {
            "name": "Can delete gn division",
            "content_type": 14,
            "codename": "delete_gndivision"
        }
    },
    {
        "model": "auth.permission",
        "pk": 56,
        "fields": {
            "name": "Can view gn division",
            "content_type": 14,
            "codename": "view_gndivision"
        }
    },
    {
        "model": "auth.permission",
        "pk": 57,
        "fields": {
            "name": "Can add police division",
            "content_type": 15,
            "codename": "add_policedivision"
        }
    },
    {
        "model": "auth.permission",
        "pk": 58,
        "fields": {
            "name": "Can change police division",
            "content_type": 15,
            "codename": "change_policedivision"
        }
    },
    {
        "model": "auth.permission",
        "pk": 59,
        "fields": {
            "name": "Can delete police division",
            "content_type": 15,
            "codename": "delete_policedivision"
        }
    },
    {
        "model": "auth.permission",
        "pk": 60,
        "fields": {
            "name": "Can view police division",
            "content_type": 15,
            "codename": "view_policedivision"
        }
    },
    {
        "model": "auth.permission",
        "pk": 61,
        "fields": {
            "name": "Can add polling division",
            "content_type": 16,
            "codename": "add_pollingdivision"
        }
    },
    {
        "model": "auth.permission",
        "pk": 62,
        "fields": {
            "name": "Can change polling division",
            "content_type": 16,
            "codename": "change_pollingdivision"
        }
    },
    {
        "model": "auth.permission",
        "pk": 63,
        "fields": {
            "name": "Can delete polling division",
            "content_type": 16,
            "codename": "delete_pollingdivision"
        }
    },
    {
        "model": "auth.permission",
        "pk": 64,
        "fields": {
            "name": "Can view polling division",
            "content_type": 16,
            "codename": "view_pollingdivision"
        }
    },
    {
        "model": "auth.permission",
        "pk": 65,
        "fields": {
            "name": "Can add political party",
            "content_type": 17,
            "codename": "add_politicalparty"
        }
    },
    {
        "model": "auth.permission",
        "pk": 66,
        "fields": {
            "name": "Can change political party",
            "content_type": 17,
            "codename": "change_politicalparty"
        }
    },
    {
        "model": "auth.permission",
        "pk": 67,
        "fields": {
            "name": "Can delete political party",
            "content_type": 17,
            "codename": "delete_politicalparty"
        }
    },
    {
        "model": "auth.permission",
        "pk": 68,
        "fields": {
            "name": "Can view political party",
            "content_type": 17,
            "codename": "view_politicalparty"
        }
    },
    {
        "model": "auth.permission",
        "pk": 69,
        "fields": {
            "name": "Can add province",
            "content_type": 18,
            "codename": "add_province"
        }
    },
    {
        "model": "auth.permission",
        "pk": 70,
        "fields": {
            "name": "Can change province",
            "content_type": 18,
            "codename": "change_province"
        }
    },
    {
        "model": "auth.permission",
        "pk": 71,
        "fields": {
            "name": "Can delete province",
            "content_type": 18,
            "codename": "delete_province"
        }
    },
    {
        "model": "auth.permission",
        "pk": 72,
        "fields": {
            "name": "Can view province",
            "content_type": 18,
            "codename": "view_province"
        }
    },
    {
        "model": "auth.permission",
        "pk": 73,
        "fields": {
            "name": "Can add division",
            "content_type": 19,
            "codename": "add_division"
        }
    },
    {
        "model": "auth.permission",
        "pk": 74,
        "fields": {
            "name": "Can change division",
            "content_type": 19,
            "codename": "change_division"
        }
    },
    {
        "model": "auth.permission",
        "pk": 75,
        "fields": {
            "name": "Can delete division",
            "content_type": 19,
            "codename": "delete_division"
        }
    },
    {
        "model": "auth.permission",
        "pk": 76,
        "fields": {
            "name": "Can view division",
            "content_type": 19,
            "codename": "view_division"
        }
    },
    {
        "model": "auth.permission",
        "pk": 77,
        "fields": {
            "name": "Can add organization",
            "content_type": 20,
            "codename": "add_organization"
        }
    },
    {
        "model": "auth.permission",
        "pk": 78,
        "fields": {
            "name": "Can change organization",
            "content_type": 20,
            "codename": "change_organization"
        }
    },
    {
        "model": "auth.permission",
        "pk": 79,
        "fields": {
            "name": "Can delete organization",
            "content_type": 20,
            "codename": "delete_organization"
        }
    },
    {
        "model": "auth.permission",
        "pk": 80,
        "fields": {
            "name": "Can view organization",
            "content_type": 20,
            "codename": "view_organization"
        }
    },
    {
        "model": "auth.permission",
        "pk": 81,
        "fields": {
            "name": "Can add user level",
            "content_type": 21,
            "codename": "add_userlevel"
        }
    },
    {
        "model": "auth.permission",
        "pk": 82,
        "fields": {
            "name": "Can change user level",
            "content_type": 21,
            "codename": "change_userlevel"
        }
    },
    {
        "model": "auth.permission",
        "pk": 83,
        "fields": {
            "name": "Can delete user level",
            "content_type": 21,
            "codename": "delete_userlevel"
        }
    },
    {
        "model": "auth.permission",
        "pk": 84,
        "fields": {
            "name": "Can view user level",
            "content_type": 21,
            "codename": "view_userlevel"
        }
    },
    {
        "model": "auth.permission",
        "pk": 85,
        "fields": {
            "name": "Can add profile",
            "content_type": 22,
            "codename": "add_profile"
        }
    },
    {
        "model": "auth.permission",
        "pk": 86,
        "fields": {
            "name": "Can change profile",
            "content_type": 22,
            "codename": "change_profile"
        }
    },
    {
        "model": "auth.permission",
        "pk": 87,
        "fields": {
            "name": "Can delete profile",
            "content_type": 22,
            "codename": "delete_profile"
        }
    },
    {
        "model": "auth.permission",
        "pk": 88,
        "fields": {
            "name": "Can view profile",
            "content_type": 22,
            "codename": "view_profile"
        }
    },
    {
        "model": "auth.permission",
        "pk": 89,
        "fields": {
            "name": "Can add incident",
            "content_type": 23,
            "codename": "add_incident"
        }
    },
    {
        "model": "auth.permission",
        "pk": 90,
        "fields": {
            "name": "Can change incident",
            "content_type": 23,
            "codename": "change_incident"
        }
    },
    {
        "model": "auth.permission",
        "pk": 91,
        "fields": {
            "name": "Can delete incident",
            "content_type": 23,
            "codename": "delete_incident"
        }
    },
    {
        "model": "auth.permission",
        "pk": 92,
        "fields": {
            "name": "Can view incident",
            "content_type": 23,
            "codename": "view_incident"
        }
    },
    {
        "model": "auth.permission",
        "pk": 93,
        "fields": {
            "name": "Can review created incidents",
            "content_type": 23,
            "codename": "CAN_REVIEW_INCIDENTS"
        }
    },
    {
        "model": "auth.permission",
        "pk": 94,
        "fields": {
            "name": "Can review own incidents",
            "content_type": 23,
            "codename": "CAN_REVIEW_OWN_INCIDENTS"
        }
    },
    {
        "model": "auth.permission",
        "pk": 95,
        "fields": {
            "name": "Can review all incidents",
            "content_type": 23,
            "codename": "CAN_REVIEW_ALL_INCIDENTS"
        }
    },
    {
        "model": "auth.permission",
        "pk": 96,
        "fields": {
            "name": "Can manage incident",
            "content_type": 23,
            "codename": "CAN_MANAGE_INCIDENT"
        }
    },
    {
        "model": "auth.permission",
        "pk": 97,
        "fields": {
            "name": "Can run incident workflows",
            "content_type": 23,
            "codename": "CAN_RUN_WORKFLOW"
        }
    },
    {
        "model": "auth.permission",
        "pk": 98,
        "fields": {
            "name": "Can change incident assignee",
            "content_type": 23,
            "codename": "CAN_CHANGE_ASSIGNEE"
        }
    },
    {
        "model": "auth.permission",
        "pk": 99,
        "fields": {
            "name": "Can verify incident",
            "content_type": 23,
            "codename": "CAN_VERIFY_INCIDENT"
        }
    },
    {
        "model": "auth.permission",
        "pk": 100,
        "fields": {
            "name": "Can close incident",
            "content_type": 23,
            "codename": "CAN_CLOSE_INCIDENT"
        }
    },
    {
        "model": "auth.permission",
        "pk": 101,
        "fields": {
            "name": "Can escalate incident",
            "content_type": 23,
            "codename": "CAN_ESCALATE_INCIDENT"
        }
    },
    {
        "model": "auth.permission",
        "pk": 102,
        "fields": {
            "name": "Can refer incident to external organization",
            "content_type": 23,
            "codename": "CAN_ESCALATE_EXTERNAL"
        }
    },
    {
        "model": "auth.permission",
        "pk": 103,
        "fields": {
            "name": "Can invalidate incident",
            "content_type": 23,
            "codename": "CAN_INVALIDATE_INCIDENT"
        }
    },
    {
        "model": "auth.permission",
        "pk": 104,
        "fields": {
            "name": "Can view inciddent reports",
            "content_type": 23,
            "codename": "CAN_VIEW_REPORTS"
        }
    },
    {
        "model": "auth.permission",
        "pk": 105,
        "fields": {
            "name": "Can add reporter",
            "content_type": 24,
            "codename": "add_reporter"
        }
    },
    {
        "model": "auth.permission",
        "pk": 106,
        "fields": {
            "name": "Can change reporter",
            "content_type": 24,
            "codename": "change_reporter"
        }
    },
    {
        "model": "auth.permission",
        "pk": 107,
        "fields": {
            "name": "Can delete reporter",
            "content_type": 24,
            "codename": "delete_reporter"
        }
    },
    {
        "model": "auth.permission",
        "pk": 108,
        "fields": {
            "name": "Can view reporter",
            "content_type": 24,
            "codename": "view_reporter"
        }
    },
    {
        "model": "auth.permission",
        "pk": 109,
        "fields": {
            "name": "Can add incident status",
            "content_type": 25,
            "codename": "add_incidentstatus"
        }
    },
    {
        "model": "auth.permission",
        "pk": 110,
        "fields": {
            "name": "Can change incident status",
            "content_type": 25,
            "codename": "change_incidentstatus"
        }
    },
    {
        "model": "auth.permission",
        "pk": 111,
        "fields": {
            "name": "Can delete incident status",
            "content_type": 25,
            "codename": "delete_incidentstatus"
        }
    },
    {
        "model": "auth.permission",
        "pk": 112,
        "fields": {
            "name": "Can view incident status",
            "content_type": 25,
            "codename": "view_incidentstatus"
        }
    },
    {
        "model": "auth.permission",
        "pk": 113,
        "fields": {
            "name": "Can add incident police report",
            "content_type": 26,
            "codename": "add_incidentpolicereport"
        }
    },
    {
        "model": "auth.permission",
        "pk": 114,
        "fields": {
            "name": "Can change incident police report",
            "content_type": 26,
            "codename": "change_incidentpolicereport"
        }
    },
    {
        "model": "auth.permission",
        "pk": 115,
        "fields": {
            "name": "Can delete incident police report",
            "content_type": 26,
            "codename": "delete_incidentpolicereport"
        }
    },
    {
        "model": "auth.permission",
        "pk": 116,
        "fields": {
            "name": "Can view incident police report",
            "content_type": 26,
            "codename": "view_incidentpolicereport"
        }
    },
    {
        "model": "auth.permission",
        "pk": 117,
        "fields": {
            "name": "Can add incident comment",
            "content_type": 27,
            "codename": "add_incidentcomment"
        }
    },
    {
        "model": "auth.permission",
        "pk": 118,
        "fields": {
            "name": "Can change incident comment",
            "content_type": 27,
            "codename": "change_incidentcomment"
        }
    },
    {
        "model": "auth.permission",
        "pk": 119,
        "fields": {
            "name": "Can delete incident comment",
            "content_type": 27,
            "codename": "delete_incidentcomment"
        }
    },
    {
        "model": "auth.permission",
        "pk": 120,
        "fields": {
            "name": "Can view incident comment",
            "content_type": 27,
            "codename": "view_incidentcomment"
        }
    },
    {
        "model": "auth.permission",
        "pk": 121,
        "fields": {
            "name": "Can add incident person",
            "content_type": 28,
            "codename": "add_incidentperson"
        }
    },
    {
        "model": "auth.permission",
        "pk": 122,
        "fields": {
            "name": "Can change incident person",
            "content_type": 28,
            "codename": "change_incidentperson"
        }
    },
    {
        "model": "auth.permission",
        "pk": 123,
        "fields": {
            "name": "Can delete incident person",
            "content_type": 28,
            "codename": "delete_incidentperson"
        }
    },
    {
        "model": "auth.permission",
        "pk": 124,
        "fields": {
            "name": "Can view incident person",
            "content_type": 28,
            "codename": "view_incidentperson"
        }
    },
    {
        "model": "auth.permission",
        "pk": 125,
        "fields": {
            "name": "Can add incident vehicle",
            "content_type": 29,
            "codename": "add_incidentvehicle"
        }
    },
    {
        "model": "auth.permission",
        "pk": 126,
        "fields": {
            "name": "Can change incident vehicle",
            "content_type": 29,
            "codename": "change_incidentvehicle"
        }
    },
    {
        "model": "auth.permission",
        "pk": 127,
        "fields": {
            "name": "Can delete incident vehicle",
            "content_type": 29,
            "codename": "delete_incidentvehicle"
        }
    },
    {
        "model": "auth.permission",
        "pk": 128,
        "fields": {
            "name": "Can view incident vehicle",
            "content_type": 29,
            "codename": "view_incidentvehicle"
        }
    },
    {
        "model": "auth.permission",
        "pk": 129,
        "fields": {
            "name": "Can add verify workflow",
            "content_type": 30,
            "codename": "add_verifyworkflow"
        }
    },
    {
        "model": "auth.permission",
        "pk": 130,
        "fields": {
            "name": "Can change verify workflow",
            "content_type": 30,
            "codename": "change_verifyworkflow"
        }
    },
    {
        "model": "auth.permission",
        "pk": 131,
        "fields": {
            "name": "Can delete verify workflow",
            "content_type": 30,
            "codename": "delete_verifyworkflow"
        }
    },
    {
        "model": "auth.permission",
        "pk": 132,
        "fields": {
            "name": "Can view verify workflow",
            "content_type": 30,
            "codename": "view_verifyworkflow"
        }
    },
    {
        "model": "auth.permission",
        "pk": 133,
        "fields": {
            "name": "Can add escalate external workflow",
            "content_type": 31,
            "codename": "add_escalateexternalworkflow"
        }
    },
    {
        "model": "auth.permission",
        "pk": 134,
        "fields": {
            "name": "Can change escalate external workflow",
            "content_type": 31,
            "codename": "change_escalateexternalworkflow"
        }
    },
    {
        "model": "auth.permission",
        "pk": 135,
        "fields": {
            "name": "Can delete escalate external workflow",
            "content_type": 31,
            "codename": "delete_escalateexternalworkflow"
        }
    },
    {
        "model": "auth.permission",
        "pk": 136,
        "fields": {
            "name": "Can view escalate external workflow",
            "content_type": 31,
            "codename": "view_escalateexternalworkflow"
        }
    },
    {
        "model": "auth.permission",
        "pk": 137,
        "fields": {
            "name": "Can add complete action workflow",
            "content_type": 32,
            "codename": "add_completeactionworkflow"
        }
    },
    {
        "model": "auth.permission",
        "pk": 138,
        "fields": {
            "name": "Can change complete action workflow",
            "content_type": 32,
            "codename": "change_completeactionworkflow"
        }
    },
    {
        "model": "auth.permission",
        "pk": 139,
        "fields": {
            "name": "Can delete complete action workflow",
            "content_type": 32,
            "codename": "delete_completeactionworkflow"
        }
    },
    {
        "model": "auth.permission",
        "pk": 140,
        "fields": {
            "name": "Can view complete action workflow",
            "content_type": 32,
            "codename": "view_completeactionworkflow"
        }
    },
    {
        "model": "auth.permission",
        "pk": 141,
        "fields": {
            "name": "Can add request advice workflow",
            "content_type": 33,
            "codename": "add_requestadviceworkflow"
        }
    },
    {
        "model": "auth.permission",
        "pk": 142,
        "fields": {
            "name": "Can change request advice workflow",
            "content_type": 33,
            "codename": "change_requestadviceworkflow"
        }
    },
    {
        "model": "auth.permission",
        "pk": 143,
        "fields": {
            "name": "Can delete request advice workflow",
            "content_type": 33,
            "codename": "delete_requestadviceworkflow"
        }
    },
    {
        "model": "auth.permission",
        "pk": 144,
        "fields": {
            "name": "Can view request advice workflow",
            "content_type": 33,
            "codename": "view_requestadviceworkflow"
        }
    },
    {
        "model": "auth.permission",
        "pk": 145,
        "fields": {
            "name": "Can add provide advice workflow",
            "content_type": 34,
            "codename": "add_provideadviceworkflow"
        }
    },
    {
        "model": "auth.permission",
        "pk": 146,
        "fields": {
            "name": "Can change provide advice workflow",
            "content_type": 34,
            "codename": "change_provideadviceworkflow"
        }
    },
    {
        "model": "auth.permission",
        "pk": 147,
        "fields": {
            "name": "Can delete provide advice workflow",
            "content_type": 34,
            "codename": "delete_provideadviceworkflow"
        }
    },
    {
        "model": "auth.permission",
        "pk": 148,
        "fields": {
            "name": "Can view provide advice workflow",
            "content_type": 34,
            "codename": "view_provideadviceworkflow"
        }
    },
    {
        "model": "auth.permission",
        "pk": 149,
        "fields": {
            "name": "Can add invalidate workflow",
            "content_type": 35,
            "codename": "add_invalidateworkflow"
        }
    },
    {
        "model": "auth.permission",
        "pk": 150,
        "fields": {
            "name": "Can change invalidate workflow",
            "content_type": 35,
            "codename": "change_invalidateworkflow"
        }
    },
    {
        "model": "auth.permission",
        "pk": 151,
        "fields": {
            "name": "Can delete invalidate workflow",
            "content_type": 35,
            "codename": "delete_invalidateworkflow"
        }
    },
    {
        "model": "auth.permission",
        "pk": 152,
        "fields": {
            "name": "Can view invalidate workflow",
            "content_type": 35,
            "codename": "view_invalidateworkflow"
        }
    },
    {
        "model": "auth.permission",
        "pk": 153,
        "fields": {
            "name": "Can add escalate workflow",
            "content_type": 36,
            "codename": "add_escalateworkflow"
        }
    },
    {
        "model": "auth.permission",
        "pk": 154,
        "fields": {
            "name": "Can change escalate workflow",
            "content_type": 36,
            "codename": "change_escalateworkflow"
        }
    },
    {
        "model": "auth.permission",
        "pk": 155,
        "fields": {
            "name": "Can delete escalate workflow",
            "content_type": 36,
            "codename": "delete_escalateworkflow"
        }
    },
    {
        "model": "auth.permission",
        "pk": 156,
        "fields": {
            "name": "Can view escalate workflow",
            "content_type": 36,
            "codename": "view_escalateworkflow"
        }
    },
    {
        "model": "auth.permission",
        "pk": 157,
        "fields": {
            "name": "Can add close workflow",
            "content_type": 37,
            "codename": "add_closeworkflow"
        }
    },
    {
        "model": "auth.permission",
        "pk": 158,
        "fields": {
            "name": "Can change close workflow",
            "content_type": 37,
            "codename": "change_closeworkflow"
        }
    },
    {
        "model": "auth.permission",
        "pk": 159,
        "fields": {
            "name": "Can delete close workflow",
            "content_type": 37,
            "codename": "delete_closeworkflow"
        }
    },
    {
        "model": "auth.permission",
        "pk": 160,
        "fields": {
            "name": "Can view close workflow",
            "content_type": 37,
            "codename": "view_closeworkflow"
        }
    },
    {
        "model": "auth.permission",
        "pk": 161,
        "fields": {
            "name": "Can add assign user workflow",
            "content_type": 38,
            "codename": "add_assignuserworkflow"
        }
    },
    {
        "model": "auth.permission",
        "pk": 162,
        "fields": {
            "name": "Can change assign user workflow",
            "content_type": 38,
            "codename": "change_assignuserworkflow"
        }
    },
    {
        "model": "auth.permission",
        "pk": 163,
        "fields": {
            "name": "Can delete assign user workflow",
            "content_type": 38,
            "codename": "delete_assignuserworkflow"
        }
    },
    {
        "model": "auth.permission",
        "pk": 164,
        "fields": {
            "name": "Can view assign user workflow",
            "content_type": 38,
            "codename": "view_assignuserworkflow"
        }
    },
    {
        "model": "auth.permission",
        "pk": 165,
        "fields": {
            "name": "Can add event",
            "content_type": 39,
            "codename": "add_event"
        }
    },
    {
        "model": "auth.permission",
        "pk": 166,
        "fields": {
            "name": "Can change event",
            "content_type": 39,
            "codename": "change_event"
        }
    },
    {
        "model": "auth.permission",
        "pk": 167,
        "fields": {
            "name": "Can delete event",
            "content_type": 39,
            "codename": "delete_event"
        }
    },
    {
        "model": "auth.permission",
        "pk": 168,
        "fields": {
            "name": "Can view event",
            "content_type": 39,
            "codename": "view_event"
        }
    },
    {
        "model": "auth.permission",
        "pk": 169,
        "fields": {
            "name": "Can add severity segment",
            "content_type": 40,
            "codename": "add_severitysegment"
        }
    },
    {
        "model": "auth.permission",
        "pk": 170,
        "fields": {
            "name": "Can change severity segment",
            "content_type": 40,
            "codename": "change_severitysegment"
        }
    },
    {
        "model": "auth.permission",
        "pk": 171,
        "fields": {
            "name": "Can delete severity segment",
            "content_type": 40,
            "codename": "delete_severitysegment"
        }
    },
    {
        "model": "auth.permission",
        "pk": 172,
        "fields": {
            "name": "Can view severity segment",
            "content_type": 40,
            "codename": "view_severitysegment"
        }
    },
    {
        "model": "auth.permission",
        "pk": 173,
        "fields": {
            "name": "Can add status segment",
            "content_type": 41,
            "codename": "add_statussegment"
        }
    },
    {
        "model": "auth.permission",
        "pk": 174,
        "fields": {
            "name": "Can change status segment",
            "content_type": 41,
            "codename": "change_statussegment"
        }
    },
    {
        "model": "auth.permission",
        "pk": 175,
        "fields": {
            "name": "Can delete status segment",
            "content_type": 41,
            "codename": "delete_statussegment"
        }
    },
    {
        "model": "auth.permission",
        "pk": 176,
        "fields": {
            "name": "Can view status segment",
            "content_type": 41,
            "codename": "view_statussegment"
        }
    },
    {
        "model": "auth.permission",
        "pk": 177,
        "fields": {
            "name": "Can add file",
            "content_type": 42,
            "codename": "add_file"
        }
    },
    {
        "model": "auth.permission",
        "pk": 178,
        "fields": {
            "name": "Can change file",
            "content_type": 42,
            "codename": "change_file"
        }
    },
    {
        "model": "auth.permission",
        "pk": 179,
        "fields": {
            "name": "Can delete file",
            "content_type": 42,
            "codename": "delete_file"
        }
    },
    {
        "model": "auth.permission",
        "pk": 180,
        "fields": {
            "name": "Can view file",
            "content_type": 42,
            "codename": "view_file"
        }
    },
    {
        "model": "auth.permission",
        "pk": 181,
        "fields": {
            "name": "Can reopen incident",
            "content_type": 23,
            "codename": "CAN_REOPEN_INCIDENT"
        }
    },
    {
        "model": "auth.permission",
        "pk": 182,
        "fields": {
            "name": "Can add reopen workflow",
            "content_type": 43,
            "codename": "add_reopenworkflow"
        }
    },
    {
        "model": "auth.permission",
        "pk": 183,
        "fields": {
            "name": "Can change reopen workflow",
            "content_type": 43,
            "codename": "change_reopenworkflow"
        }
    },
    {
        "model": "auth.permission",
        "pk": 184,
        "fields": {
            "name": "Can delete reopen workflow",
            "content_type": 43,
            "codename": "delete_reopenworkflow"
        }
    },
    {
        "model": "auth.permission",
        "pk": 185,
        "fields": {
            "name": "Can view reopen workflow",
            "content_type": 43,
            "codename": "view_reopenworkflow"
        }
    },
    {
        "model": "auth.group",
        "pk": 1,
        "fields": {
            "name": "manager-view",
            "permissions": [
                102,
                101,
                95,
                93,
                94,
                97,
                104
            ]
        }
    },
    {
        "model": "auth.group",
        "pk": 2,
        "fields": {
            "name": "manager-action",
            "permissions": [
                98,
                100,
                102,
                101,
                103,
                96,
                181,
                95,
                93,
                94,
                97,
                99,
                104
            ]
        }
    },
    {
        "model": "auth.group",
        "pk": 3,
        "fields": {
            "name": "coordinator-action",
            "permissions": [
                102,
                101,
                103,
                96,
                95,
                93,
                94,
                97,
                99,
                104
            ]
        }
    },
    {
        "model": "auth.group",
        "pk": 4,
        "fields": {
            "name": "create-incident",
            "permissions": [
                101
            ]
        }
    },
    {
        "model": "auth.group",
        "pk": 5,
        "fields": {
            "name": "police-manager-view",
            "permissions": [
                102,
                93,
                94,
                97
            ]
        }
    },
    {
        "model": "auth.user",
        "pk": 1,
        "fields": {
            "password": "pbkdf2_sha256$150000$jknnn5Zmx8xG$1NbBKXYfCIq9XVTjJuK6Bh7jsap1/2D5CA7aIJD4Y4E=",
            "last_login": "2019-11-07T19:16:05.560Z",
            "is_superuser": true,
            "username": "admin",
            "first_name": "",
            "last_name": "",
            "email": "admin@email.co",
            "is_staff": true,
            "is_active": true,
            "date_joined": "2019-11-07T11:20:52.979Z",
            "groups": [],
            "user_permissions": []
        }
    },
    {
        "model": "auth.user",
        "pk": 2,
        "fields": {
            "password": "pbkdf2_sha256$150000$jiWyPzFEFL51$wK/MdHyX7FGII6RDuYGEtnbxK4Nqg3eoTrkehDWrf+0=",
            "last_login": null,
            "is_superuser": false,
            "username": "leadership",
            "first_name": "Leadership",
            "last_name": "eclk",
            "email": "",
            "is_staff": false,
            "is_active": true,
            "date_joined": "2019-11-07T11:33:07Z",
            "groups": [],
            "user_permissions": []
        }
    },
    {
        "model": "auth.user",
        "pk": 3,
        "fields": {
            "password": "pbkdf2_sha256$150000$EJFIhcurJ5fu$eENv1fH+DeRmTl6tbI3CT1yoZee9xXEckSF3qjPAN+8=",
            "last_login": null,
            "is_superuser": false,
            "username": "chief",
            "first_name": "chief",
            "last_name": "eclk",
            "email": "",
            "is_staff": false,
            "is_active": true,
            "date_joined": "2019-11-07T11:33:30Z",
            "groups": [],
            "user_permissions": []
        }
    },
    {
        "model": "auth.user",
        "pk": 4,
        "fields": {
            "password": "pbkdf2_sha256$150000$8h1yy8wcvoju$iLXM3v1LvPV4QppiyhNPfY0d0/GShYO+8zHulgjVm5Y=",
            "last_login": null,
            "is_superuser": false,
            "username": "manager",
            "first_name": "manager",
            "last_name": "eclk",
            "email": "",
            "is_staff": false,
            "is_active": true,
            "date_joined": "2019-11-07T11:33:53Z",
            "groups": [],
            "user_permissions": []
        }
    },
    {
        "model": "auth.user",
        "pk": 5,
        "fields": {
            "password": "pbkdf2_sha256$150000$5uJVokDyViZ8$IxjSVZtiZdC00WlyZV/l5K9ms13C5Zgvkc1J08aXbZI=",
            "last_login": null,
            "is_superuser": false,
            "username": "coordinator",
            "first_name": "coordinator",
            "last_name": "eclk",
            "email": "",
            "is_staff": false,
            "is_active": true,
            "date_joined": "2019-11-07T11:34:15Z",
            "groups": [],
            "user_permissions": []
        }
    },
    {
        "model": "auth.user",
        "pk": 6,
        "fields": {
            "password": "pbkdf2_sha256$150000$wPdiF7Dmikz7$2ptl73Bd0RBvdMJm/ky/ssfDZZYASTYkRl+YpCNJP2c=",
            "last_login": null,
            "is_superuser": false,
            "username": "dataentry",
            "first_name": "dataentry",
            "last_name": "eclk",
            "email": "",
            "is_staff": false,
            "is_active": true,
            "date_joined": "2019-11-07T11:34:45Z",
            "groups": [],
            "user_permissions": []
        }
    },
    {
        "model": "auth.user",
        "pk": 7,
        "fields": {
            "password": "pbkdf2_sha256$150000$SsomDd3SAMuL$uBXWHhsye4QSbXHbq1GbClomu8Tj7Sx52Js+3TvSAJI=",
            "last_login": null,
            "is_superuser": false,
            "username": "guest",
            "first_name": "",
            "last_name": "",
            "email": "",
            "is_staff": false,
            "is_active": true,
            "date_joined": "2019-11-07T11:36:18Z",
            "groups": [],
            "user_permissions": []
        }
    },
    {
        "model": "auth.user",
        "pk": 8,
        "fields": {
            "password": "pbkdf2_sha256$150000$vkya4v6QRNol$FknDOvEVusBJ2vA9GS6Unitph9Xv3ENB0j/USCmGJos=",
            "last_login": null,
            "is_superuser": false,
            "username": "pleadership",
            "first_name": "Police",
            "last_name": "Leadership",
            "email": "",
            "is_staff": false,
            "is_active": true,
            "date_joined": "2019-11-07T13:22:01Z",
            "groups": [],
            "user_permissions": []
        }
    },
    {
        "model": "auth.user",
        "pk": 9,
        "fields": {
            "password": "pbkdf2_sha256$150000$PXqJG3mZZ8wc$PO7sk1lqg33tJeVaYGJBACC/W31eQ+OFjny0N9d0q+k=",
            "last_login": null,
            "is_superuser": false,
            "username": "pmanager",
            "first_name": "Police",
            "last_name": "Manager",
            "email": "",
            "is_staff": false,
            "is_active": true,
            "date_joined": "2019-11-07T13:22:35Z",
            "groups": [],
            "user_permissions": []
        }
    },
    {
        "model": "auth.user",
        "pk": 10,
        "fields": {
            "password": "pbkdf2_sha256$150000$ml2FRTND8d2S$X6Y0xG1i+6julzq9hcr+OkUPbLid9K7Hnb3ZL/0pous=",
            "last_login": null,
            "is_superuser": false,
            "username": "pdataentry",
            "first_name": "Police",
            "last_name": "Dataentry",
            "email": "",
            "is_staff": false,
            "is_active": true,
            "date_joined": "2019-11-07T13:23:06Z",
            "groups": [],
            "user_permissions": []
        }
    },
    {
        "model": "custom_auth.organization",
        "pk": 1,
        "fields": {
            "code": "eclk",
            "displayName": "Election Commission",
            "created_date": "2019-11-07T11:21:56.468Z"
        }
    },
    {
        "model": "custom_auth.organization",
        "pk": 2,
        "fields": {
            "code": "police",
            "displayName": "Police",
            "created_date": "2019-11-07T11:22:08.958Z"
        }
    },
    {
        "model": "custom_auth.division",
        "pk": 1,
        "fields": {
            "code": "ec-hq",
            "organization": 1,
            "division_type": "District-Branch",
            "name": "EC HQ",
            "is_default_division": true,
            "is_hq": true,
            "created_date": "2019-11-07T11:22:58.174Z"
        }
    },
    {
        "model": "custom_auth.division",
        "pk": 2,
        "fields": {
            "code": "ec-cmb-city",
            "organization": 1,
            "division_type": "District-Branch",
            "name": "EC Colombo City",
            "is_default_division": false,
            "is_hq": false,
            "created_date": "2019-11-07T11:23:26.959Z"
        }
    },
    {
        "model": "custom_auth.division",
        "pk": 3,
        "fields": {
            "code": "ec-kegalle",
            "organization": 1,
            "division_type": "District-Branch",
            "name": "EC Kegalle",
            "is_default_division": false,
            "is_hq": false,
            "created_date": "2019-11-07T11:23:46.879Z"
        }
    },
    {
        "model": "custom_auth.division",
        "pk": 4,
        "fields": {
            "code": "police-hq",
            "organization": 2,
            "division_type": "police-station",
            "name": "Police HQ",
            "is_default_division": false,
            "is_hq": true,
            "created_date": "2019-11-07T12:23:37.223Z"
        }
    },
    {
        "model": "custom_auth.division",
        "pk": 5,
        "fields": {
            "code": "police-colombo",
            "organization": 2,
            "division_type": "police-station",
            "name": "Colombo Police Station",
            "is_default_division": false,
            "is_hq": false,
            "created_date": "2019-11-07T12:25:20.474Z"
        }
    },
    {
        "model": "custom_auth.division",
        "pk": 6,
        "fields": {
            "code": "police-kegalle",
            "organization": 2,
            "division_type": "police-station",
            "name": "Kegalle Police Station",
            "is_default_division": false,
            "is_hq": false,
            "created_date": "2019-11-07T12:26:39.557Z"
        }
    },
    {
        "model": "custom_auth.userlevel",
        "pk": 1,
        "fields": {
            "code": "leadership",
            "displayName": "Leadership",
            "organization": 1,
            "parent": null,
            "role": 1,
            "created_date": "2019-11-07T11:25:55.250Z"
        }
    },
    {
        "model": "custom_auth.userlevel",
        "pk": 2,
        "fields": {
            "code": "chief-manager",
            "displayName": "Chief Manager",
            "organization": 1,
            "parent": 1,
            "role": 2,
            "created_date": "2019-11-07T11:26:37.838Z"
        }
    },
    {
        "model": "custom_auth.userlevel",
        "pk": 3,
        "fields": {
            "code": "manager",
            "displayName": "Manager",
            "organization": 1,
            "parent": 2,
            "role": 2,
            "created_date": "2019-11-07T11:27:18.895Z"
        }
    },
    {
        "model": "custom_auth.userlevel",
        "pk": 4,
        "fields": {
            "code": "coordinator",
            "displayName": "Coordinator",
            "organization": 1,
            "parent": 3,
            "role": 3,
            "created_date": "2019-11-07T11:28:39.330Z"
        }
    },
    {
        "model": "custom_auth.userlevel",
        "pk": 5,
        "fields": {
            "code": "ec-dataentry",
            "displayName": "EC Dataentry",
            "organization": 1,
            "parent": 4,
            "role": 4,
            "created_date": "2019-11-07T11:31:53.161Z"
        }
    },
    {
        "model": "custom_auth.userlevel",
        "pk": 6,
        "fields": {
            "code": "guest",
            "displayName": "Guest",
            "organization": 1,
            "parent": 4,
            "role": 4,
            "created_date": "2019-11-07T11:32:33.188Z"
        }
    },
    {
        "model": "custom_auth.userlevel",
        "pk": 7,
        "fields": {
            "code": "police-leadership",
            "displayName": "Leadership",
            "organization": 2,
            "parent": null,
            "role": 5,
            "created_date": "2019-11-07T12:43:22.793Z"
        }
    },
    {
        "model": "custom_auth.userlevel",
        "pk": 8,
        "fields": {
            "code": "police-manager",
            "displayName": "Manager",
            "organization": 2,
            "parent": 7,
            "role": 5,
            "created_date": "2019-11-07T12:44:53.044Z"
        }
    },
    {
        "model": "custom_auth.userlevel",
        "pk": 9,
        "fields": {
            "code": "police-dataentry",
            "displayName": "Dataentry",
            "organization": 2,
            "parent": 8,
            "role": 4,
            "created_date": "2019-11-07T12:45:33.538Z"
        }
    },
    {
        "model": "custom_auth.profile",
        "pk": 1,
        "fields": {
            "user": 1,
            "organization": null,
            "division": null,
            "level": null
        }
    },
    {
        "model": "custom_auth.profile",
        "pk": 2,
        "fields": {
            "user": 2,
            "organization": 1,
            "division": 1,
            "level": 1
        }
    },
    {
        "model": "custom_auth.profile",
        "pk": 3,
        "fields": {
            "user": 3,
            "organization": 1,
            "division": 1,
            "level": 2
        }
    },
    {
        "model": "custom_auth.profile",
        "pk": 4,
        "fields": {
            "user": 4,
            "organization": 1,
            "division": 1,
            "level": 3
        }
    },
    {
        "model": "custom_auth.profile",
        "pk": 5,
        "fields": {
            "user": 5,
            "organization": 1,
            "division": 1,
            "level": 4
        }
    },
    {
        "model": "custom_auth.profile",
        "pk": 6,
        "fields": {
            "user": 6,
            "organization": 1,
            "division": 1,
            "level": 5
        }
    },
    {
        "model": "custom_auth.profile",
        "pk": 7,
        "fields": {
            "user": 7,
            "organization": 1,
            "division": 1,
            "level": 6
        }
    },
    {
        "model": "custom_auth.profile",
        "pk": 8,
        "fields": {
            "user": 8,
            "organization": 2,
            "division": 4,
            "level": 7
        }
    },
    {
        "model": "custom_auth.profile",
        "pk": 9,
        "fields": {
            "user": 9,
            "organization": 2,
            "division": 4,
            "level": 8
        }
    },
    {
        "model": "custom_auth.profile",
        "pk": 10,
        "fields": {
            "user": 10,
            "organization": 2,
            "division": 1,
            "level": 9
        }
    }
]